Timestamp,User Count,Type,Name,Requests/s,Failures/s,50%,66%,75%,80%,90%,95%,98%,99%,99.9%,99.99%,100%,Total Request Count,Total Failure Count,Total Median Response Time,Total Average Response Time,Total Min Response Time,Total Max Response Time,Total Average Content Size
1774811461,0,,Aggregated,0.000000,0.000000,N/A,N/A,N/A,N/A,N/A,N/A,N/A,N/A,N/A,N/A,N/A,0,0,0,0.0,0,0,0
1774811462,10,,Aggregated,0.000000,0.000000,N/A,N/A,N/A,N/A,N/A,N/A,N/A,N/A,N/A,N/A,N/A,0,0,0,0.0,0,0,0
1774811463,20,,Aggregated,0.000000,0.000000,N/A,N/A,N/A,N/A,N/A,N/A,N/A,N/A,N/A,N/A,N/A,0,0,0,0.0,0,0,0
1774811464,30,,Aggregated,0.000000,0.000000,2400,2500,2700,2700,2700,2700,2700,2700,2700,2700,2700,15,0,2400.0,1734.1607266648982,57.35740001546219,2655.550699972082,39.0
1774811465,30,,Aggregated,0.000000,0.000000,2400,2700,2700,2700,3000,3000,3000,3000,3000,3000,3000,27,0,2400.0,1691.8546999934026,57.35740001546219,2976.6391000011936,39.0
1774811466,30,,Aggregated,1.666667,0.000000,950,2700,2700,2800,3000,3000,3000,3000,3000,3000,3000,43,0,950.0,1561.1660999982337,57.35740001546219,3035.292299988214,39.0
1774811467,30,,Aggregated,5.000000,0.000000,1400,2700,2800,3000,3100,3900,3900,3900,3900,3900,3900,67,0,1400.0,1719.4896313403524,57.35740001546219,3921.5873000212014,39.0
1774811468,30,,Aggregated,5.000000,0.000000,1300,2400,2700,3000,3100,3900,4200,4300,4300,4300,4300,82,0,1300.0,1717.4381268261818,57.35740001546219,4284.894999989774,39.0
1774811469,30,,Aggregated,8.666667,0.000000,1300,1600,2700,2700,3100,3900,4200,4300,4300,4300,4300,99,0,1300.0,1644.772857575762,57.35740001546219,4284.894999989774,39.0
1774811470,30,,Aggregated,11.714286,0.000000,1300,1400,1800,2500,3000,3700,3900,4200,4300,4300,4300,128,0,1300.0,1563.0334226539162,57.35740001546219,4284.894999989774,39.0
1774811471,30,,Aggregated,12.250000,0.000000,1300,1400,1600,2400,3000,3700,3900,4200,4300,4300,4300,142,0,1300.0,1537.297216899083,57.35740001546219,4284.894999989774,39.0
1774811472,30,,Aggregated,12.444444,0.000000,1300,1400,1500,1800,3000,3700,3900,4200,4300,4300,4300,159,0,1300.0,1516.37090188517,57.35740001546219,4284.894999989774,39.0
1774811473,30,,Aggregated,12.444444,0.000000,1300,1400,1500,1700,2800,3100,3900,4200,4300,4300,4300,172,0,1300.0,1499.0706308122162,57.35740001546219,4284.894999989774,39.0
1774811474,30,,Aggregated,15.800000,0.000000,1300,1400,1400,1500,2700,3000,3900,3900,4300,4300,4300,202,0,1300.0,1459.4644405925185,57.35740001546219,4284.894999989774,39.0
1774811475,30,,Aggregated,17.200000,0.000000,1300,1400,1400,1500,2700,3000,3900,3900,4300,4300,4300,219,0,1300.0,1447.9332091305384,57.35740001546219,4284.894999989774,39.0
1774811476,30,,Aggregated,18.400000,0.000000,1300,1400,1400,1500,2700,3000,3900,3900,4300,4300,4300,232,0,1300.0,1442.9257788779696,57.35740001546219,4284.894999989774,39.0
1774811477,30,,Aggregated,18.200000,0.000000,1300,1400,1400,1400,2400,3000,3900,3900,4300,4300,4300,262,0,1300.0,1421.6626980897388,57.35740001546219,4284.894999989774,39.0
1774811478,30,,Aggregated,18.900000,0.000000,1300,1400,1400,1400,2400,3000,3900,3900,4300,4300,4300,279,0,1300.0,1409.4569759836043,57.35740001546219,4284.894999989774,39.0
1774811479,30,,Aggregated,19.700000,0.000000,1300,1400,1400,1400,2400,3000,3900,3900,4300,4300,4300,292,0,1300.0,1406.5018630118511,57.35740001546219,4284.894999989774,39.0
1774811480,30,,Aggregated,19.700000,0.000000,1300,1400,1400,1400,1900,3000,3700,3900,4300,4300,4300,309,0,1300.0,1400.7975323610594,57.35740001546219,4284.894999989774,39.0
1774811481,30,,Aggregated,18.600000,0.000000,1300,1400,1400,1400,1700,3000,3700,3900,4300,4300,4300,339,0,1300.0,1387.719477875231,57.35740001546219,4284.894999989774,39.0
1774811482,30,,Aggregated,19.700000,0.000000,1300,1400,1400,1400,1700,2800,3700,3900,4300,4300,4300,351,0,1300.0,1383.5004598280068,57.35740001546219,4284.894999989774,39.0
1774811483,30,,Aggregated,19.300000,0.000000,1300,1400,1400,1400,1700,2800,3700,3900,4300,4300,4300,369,0,1300.0,1383.2792504054878,57.35740001546219,4284.894999989774,39.0
1774811484,30,,Aggregated,18.100000,0.000000,1300,1400,1400,1400,1700,2700,3700,3900,4300,4300,4300,382,0,1300.0,1381.1831554964474,57.35740001546219,4284.894999989774,39.0
1774811485,30,,Aggregated,18.000000,0.000000,1300,1400,1400,1400,1500,2700,3100,3900,4300,4300,4300,412,0,1300.0,1371.9890400475158,57.35740001546219,4284.894999989774,39.0
1774811486,30,,Aggregated,19.100000,0.000000,1300,1400,1400,1400,1500,2700,3100,3900,4300,4300,4300,429,0,1300.0,1368.4421139850665,57.35740001546219,4284.894999989774,39.0
1774811487,30,,Aggregated,19.100000,0.000000,1300,1400,1400,1400,1500,2700,3100,3900,4300,4300,4300,442,0,1300.0,1365.9545773744574,57.35740001546219,4284.894999989774,39.0
1774811488,30,,Aggregated,18.100000,0.000000,1300,1400,1400,1400,1500,2700,3100,3900,4300,4300,4300,472,0,1300.0,1360.4574697018184,57.35740001546219,4284.894999989774,39.0
1774811489,30,,Aggregated,19.300000,0.000000,1300,1400,1400,1400,1500,2700,3100,3900,4300,4300,4300,489,0,1300.0,1356.940027810457,57.35740001546219,4284.894999989774,39.0
1774811490,30,,Aggregated,19.700000,0.000000,1300,1400,1400,1400,1500,2500,3000,3900,4300,4300,4300,502,0,1300.0,1354.6930466122524,57.35740001546219,4284.894999989774,39.0
1774811491,30,,Aggregated,19.700000,0.000000,1300,1400,1400,1400,1500,2500,3000,3900,4300,4300,4300,519,0,1300.0,1351.842415220394,57.35740001546219,4284.894999989774,39.0
1774811492,30,,Aggregated,18.000000,0.000000,1300,1400,1400,1400,1500,2400,3000,3900,4300,4300,4300,549,0,1300.0,1349.4721027314858,57.35740001546219,4284.894999989774,39.0
1774811493,30,,Aggregated,19.700000,0.000000,1300,1400,1400,1400,1500,2400,3000,3900,4300,4300,4300,562,0,1300.0,1348.656504803579,57.35740001546219,4284.894999989774,39.0
1774811494,30,,Aggregated,19.300000,0.000000,1300,1400,1400,1400,1500,2400,3000,3900,4300,4300,4300,579,0,1300.0,1345.8412314328045,57.35740001546219,4284.894999989774,39.0
1774811495,30,,Aggregated,19.300000,0.000000,1300,1400,1400,1400,1500,2400,3000,3900,4300,4300,4300,592,0,1300.0,1342.7380467899736,57.35740001546219,4284.894999989774,39.0
1774811496,30,,Aggregated,18.200000,0.000000,1300,1400,1400,1400,1500,1900,3000,3700,4300,4300,4300,622,0,1300.0,1340.821088263443,57.35740001546219,4284.894999989774,39.0
1774811497,30,,Aggregated,19.300000,0.000000,1300,1400,1400,1400,1500,1900,3000,3700,4300,4300,4300,639,0,1300.0,1339.2557611891923,57.35740001546219,4284.894999989774,39.0
1774811498,30,,Aggregated,19.300000,0.000000,1300,1400,1400,1400,1500,1900,3000,3700,4300,4300,4300,652,0,1300.0,1336.865134815849,57.35740001546219,4284.894999989774,39.0
1774811499,30,,Aggregated,18.000000,0.000000,1300,1400,1400,1400,1500,1800,3000,3700,4300,4300,4300,681,0,1300.0,1333.8701308368318,57.35740001546219,4284.894999989774,39.0
1774811500,30,,Aggregated,19.300000,0.000000,1300,1400,1400,1400,1500,1800,3000,3700,4300,4300,4300,699,0,1300.0,1333.7963124463508,57.35740001546219,4284.894999989774,39.0
1774811501,30,,Aggregated,19.700000,0.000000,1300,1400,1400,1400,1500,1800,3000,3700,4300,4300,4300,712,0,1300.0,1332.677002247273,57.35740001546219,4284.894999989774,39.0
1774811502,30,,Aggregated,19.200000,0.000000,1300,1400,1400,1400,1500,1700,3000,3700,4300,4300,4300,741,0,1300.0,1330.604343859519,57.35740001546219,4284.894999989774,39.0
1774811503,30,,Aggregated,18.000000,0.000000,1300,1400,1400,1400,1500,1700,3000,3700,4300,4300,4300,759,0,1300.0,1329.3075750988223,57.35740001546219,4284.894999989774,39.0
1774811504,30,,Aggregated,18.000000,0.000000,1300,1400,1400,1400,1500,1700,3000,3700,4300,4300,4300,772,0,1300.0,1328.6715876942903,57.35740001546219,4284.894999989774,39.0
1774811505,30,,Aggregated,19.300000,0.000000,1300,1400,1400,1400,1500,1700,3000,3700,4300,4300,4300,789,0,1300.0,1327.9776019010285,57.35740001546219,4284.894999989774,39.0
1774811506,30,,Aggregated,19.700000,0.000000,1300,1400,1400,1400,1500,1700,3000,3100,4300,4300,4300,810,0,1300.0,1327.1420711113203,57.35740001546219,4284.894999989774,39.0
1774811507,30,,Aggregated,18.000000,0.000000,1300,1300,1400,1400,1500,1600,3000,3100,4300,4300,4300,832,0,1300.0,1325.0650429089058,57.35740001546219,4284.894999989774,39.0
1774811508,30,,Aggregated,19.300000,0.000000,1300,1300,1400,1400,1500,1600,3000,3100,4300,4300,4300,849,0,1300.0,1323.4885307423797,57.35740001546219,4284.894999989774,39.0
1774811509,30,,Aggregated,19.700000,0.000000,1300,1300,1400,1400,1500,1600,2800,3100,4300,4300,4300,862,0,1300.0,1322.9955091650177,57.35740001546219,4284.894999989774,39.0
1774811510,30,,Aggregated,18.000000,0.000000,1300,1300,1400,1400,1400,1600,2800,3100,4300,4300,4300,892,0,1300.0,1320.250964910353,57.35740001546219,4284.894999989774,39.0
1774811511,30,,Aggregated,18.000000,0.000000,1300,1300,1400,1400,1500,1500,2800,3100,4300,4300,4300,909,0,1300.0,1320.822686688681,57.35740001546219,4284.894999989774,39.0
1774811512,30,,Aggregated,19.800000,0.000000,1300,1300,1400,1400,1500,1500,2800,3100,4300,4300,4300,922,0,1300.0,1320.0315609544014,57.35740001546219,4284.894999989774,39.0
1774811513,30,,Aggregated,19.300000,0.000000,1300,1300,1400,1400,1400,1500,2700,3100,4300,4300,4300,951,0,1300.0,1318.4606710829078,57.35740001546219,4284.894999989774,39.0
1774811514,30,,Aggregated,19.700000,0.000000,1300,1300,1400,1400,1400,1500,2700,3100,4300,4300,4300,969,0,1300.0,1317.968853766755,57.35740001546219,4284.894999989774,39.0
1774811515,30,,Aggregated,18.000000,0.000000,1300,1300,1400,1400,1400,1500,2700,3100,4300,4300,4300,982,0,1300.0,1316.577863543889,57.35740001546219,4284.894999989774,39.0
1774811516,30,,Aggregated,19.200000,0.000000,1300,1300,1400,1400,1400,1500,2700,3100,4300,4300,4300,999,0,1300.0,1316.2536448449478,57.35740001546219,4284.894999989774,39.0
1774811517,30,,Aggregated,19.700000,0.000000,1300,1300,1400,1400,1400,1500,2700,3000,4200,4300,4300,1029,0,1300.0,1314.9019904762545,57.35740001546219,4284.894999989774,39.0
1774811518,30,,Aggregated,18.000000,0.000000,1300,1300,1400,1400,1400,1500,2700,3000,4200,4300,4300,1041,0,1300.0,1314.4981611911905,57.35740001546219,4284.894999989774,39.0
1774811519,30,,Aggregated,19.300000,0.000000,1300,1300,1400,1400,1400,1500,2700,3000,4200,4300,4300,1059,0,1300.0,1315.2178283285582,57.35740001546219,4284.894999989774,39.0
1774811520,30,,Aggregated,19.700000,0.000000,1300,1300,1400,1400,1400,1500,2700,3000,4200,4300,4300,1072,0,1300.0,1314.164340111795,57.35740001546219,4284.894999989774,39.0
1774811521,30,,Aggregated,19.200000,0.000000,1300,1300,1400,1400,1400,1500,2700,3000,4200,4300,4300,1100,0,1300.0,1313.326584636128,57.35740001546219,4284.894999989774,39.0
1774811522,80,,Aggregated,18.000000,0.000000,1300,1300,1400,1400,1400,1500,2700,3000,4200,4300,4300,1119,0,1300.0,1313.3129355672645,57.35740001546219,4284.894999989774,39.0
1774811523,130,,Aggregated,18.000000,0.000000,1300,1300,1400,1400,1400,1500,2700,3000,4200,4300,4300,1131,0,1300.0,1311.9144717946353,57.35740001546219,4284.894999989774,39.0
1774811524,180,,Aggregated,19.100000,0.000000,1300,1300,1400,1400,1400,1500,2700,3000,4200,4300,4300,1149,0,1300.0,1310.850190513243,57.35740001546219,4284.894999989774,39.0
1774811525,200,,Aggregated,19.700000,0.000000,1300,1300,1400,1400,1400,1500,2700,3200,4200,4300,4300,1165,0,1300.0,1320.7410806007065,57.35740001546219,4284.894999989774,39.0
1774811526,200,,Aggregated,18.000000,0.000000,1300,1400,1400,1400,1500,1600,3000,3900,4300,4600,4600,1182,0,1300.0,1336.0443962773375,57.35740001546219,4560.938199982047,39.0
1774811528,200,,Aggregated,18.000000,0.000000,1300,1400,1400,1400,1500,2200,3100,4000,5600,5600,5600,1207,0,1300.0,1376.240990803266,57.35740001546219,5639.9057999951765,39.0
1774811529,200,,Aggregated,18.400000,0.000000,1300,1400,1400,1400,1500,2200,3200,4100,5600,6600,6600,1208,0,1300.0,1380.5414857611713,57.35740001546219,6571.238899952732,39.0
1774811530,200,,Aggregated,18.400000,0.000000,1300,1400,1400,1400,1500,2200,3200,4100,5600,6600,6600,1208,0,1300.0,1380.5414857611713,57.35740001546219,6571.238899952732,39.0
1774811531,200,,Aggregated,18.400000,0.000000,1300,1400,1400,1400,1500,2200,3200,4100,5600,6600,6600,1208,0,1300.0,1380.5414857611713,57.35740001546219,6571.238899952732,39.0
1774811532,200,,Aggregated,18.400000,0.000000,1300,1400,1400,1400,1500,2200,3200,4100,5600,6600,6600,1208,0,1300.0,1380.5414857611713,57.35740001546219,6571.238899952732,39.0
1774811533,200,,Aggregated,18.400000,0.000000,1300,1400,1400,1400,1500,2200,3200,4100,5600,6600,6600,1208,0,1300.0,1380.5414857611713,57.35740001546219,6571.238899952732,39.0
1774811534,200,,Aggregated,18.400000,0.000000,1300,1400,1400,1400,1500,2200,3200,4100,5600,6600,6600,1208,0,1300.0,1380.5414857611713,57.35740001546219,6571.238899952732,39.0
1774811535,200,,Aggregated,10.800000,0.000000,1300,1400,1400,1400,1500,2300,3700,4200,13000,13000,13000,1210,0,1300.0,1399.295176280574,57.35740001546219,12727.07610001089,39.0
1774811536,200,,Aggregated,10.800000,0.000000,1300,1400,1400,1400,1500,2300,3700,4200,13000,13000,13000,1210,0,1300.0,1399.295176280574,57.35740001546219,12727.07610001089,39.0
1774811537,200,,Aggregated,7.700000,0.000000,1300,1400,1400,1400,1500,2900,9900,10000,15000,15000,15000,1234,0,1300.0,1586.4384641000195,57.35740001546219,14543.731099984143,39.0
1774811538,200,,Aggregated,6.100000,0.000000,1300,1400,1400,1400,1600,3000,10000,10000,16000,16000,16000,1236,0,1300.0,1609.0692937697459,57.35740001546219,15575.38489997387,39.0
1774811539,200,,Aggregated,6.100000,0.000000,1300,1400,1400,1400,1600,3000,10000,10000,16000,16000,16000,1236,0,1300.0,1609.0692937697459,57.35740001546219,15575.38489997387,39.0
1774811540,200,,Aggregated,6.100000,0.000000,1300,1400,1400,1400,1600,3000,10000,10000,16000,16000,16000,1236,0,1300.0,1609.0692937697459,57.35740001546219,15575.38489997387,39.0
1774811541,200,,Aggregated,6.100000,0.000000,1300,1400,1400,1400,1600,3000,10000,10000,16000,16000,16000,1236,0,1300.0,1609.0692937697459,57.35740001546219,15575.38489997387,39.0
1774811542,200,,Aggregated,6.100000,0.000000,1300,1400,1400,1400,1600,3000,10000,10000,16000,16000,16000,1236,0,1300.0,1609.0692937697459,57.35740001546219,15575.38489997387,39.0
1774811543,200,,Aggregated,6.100000,0.000000,1300,1400,1400,1400,1600,3000,10000,10000,16000,16000,16000,1236,0,1300.0,1609.0692937697459,57.35740001546219,15575.38489997387,39.0
1774811544,200,,Aggregated,6.100000,0.000000,1300,1400,1400,1400,1600,3000,10000,10000,16000,16000,16000,1236,0,1300.0,1609.0692937697459,57.35740001546219,15575.38489997387,39.0
1774811545,200,,Aggregated,6.100000,0.000000,1300,1400,1400,1400,1600,3000,10000,10000,16000,16000,16000,1236,0,1300.0,1609.0692937697459,57.35740001546219,15575.38489997387,39.0
1774811546,200,,Aggregated,6.100000,0.000000,1300,1400,1400,1400,1600,3000,10000,10000,16000,16000,16000,1236,0,1300.0,1609.0692937697459,57.35740001546219,15575.38489997387,39.0
1774811547,200,,Aggregated,6.100000,0.000000,1300,1400,1400,1400,1600,3000,10000,10000,16000,16000,16000,1236,0,1300.0,1609.0692937697459,57.35740001546219,15575.38489997387,39.0
1774811548,200,,Aggregated,6.100000,0.000000,1300,1400,1400,1400,1600,3000,10000,10000,16000,16000,16000,1236,0,1300.0,1609.0692937697459,57.35740001546219,15575.38489997387,39.0
1774811549,200,,Aggregated,6.100000,0.000000,1300,1400,1400,1400,1600,3000,10000,10000,16000,16000,16000,1236,0,1300.0,1609.0692937697459,57.35740001546219,15575.38489997387,39.0
1774811550,200,,Aggregated,6.100000,0.000000,1300,1400,1400,1400,1600,3000,10000,10000,16000,16000,16000,1236,0,1300.0,1609.0692937697459,57.35740001546219,15575.38489997387,39.0
1774811551,200,,Aggregated,6.100000,0.000000,1300,1400,1400,1400,1600,3000,10000,10000,16000,16000,16000,1236,0,1300.0,1609.0692937697459,57.35740001546219,15575.38489997387,39.0
1774811552,200,,Aggregated,6.100000,0.000000,1300,1400,1400,1400,1600,3000,10000,10000,16000,16000,16000,1236,0,1300.0,1609.0692937697459,57.35740001546219,15575.38489997387,39.0
1774811553,200,,Aggregated,6.100000,0.000000,1300,1400,1400,1400,1600,3000,10000,10000,16000,16000,16000,1236,0,1300.0,1609.0692937697459,57.35740001546219,15575.38489997387,39.0
1774811554,200,,Aggregated,6.100000,0.000000,1300,1400,1400,1400,1600,3000,10000,10000,16000,16000,16000,1236,0,1300.0,1609.0692937697459,57.35740001546219,15575.38489997387,39.0
1774811555,200,,Aggregated,6.100000,0.000000,1300,1400,1400,1400,1600,3000,10000,10000,16000,16000,16000,1236,0,1300.0,1609.0692937697459,57.35740001546219,15575.38489997387,39.0
1774811556,200,,Aggregated,6.100000,0.000000,1300,1400,1400,1400,1600,3000,10000,10000,16000,16000,16000,1236,0,1300.0,1609.0692937697459,57.35740001546219,15575.38489997387,39.0
1774811557,200,,Aggregated,6.100000,0.000000,1300,1400,1400,1400,1600,3000,10000,10000,16000,16000,16000,1236,0,1300.0,1609.0692937697459,57.35740001546219,15575.38489997387,39.0
1774811558,200,,Aggregated,6.100000,0.000000,1300,1400,1400,1400,1600,3000,10000,10000,16000,16000,16000,1236,0,1300.0,1609.0692937697459,57.35740001546219,15575.38489997387,39.0
1774811559,200,,Aggregated,6.100000,0.000000,1300,1400,1400,1400,1600,3000,10000,10000,16000,16000,16000,1236,0,1300.0,1609.0692937697459,57.35740001546219,15575.38489997387,39.0
1774811560,200,,Aggregated,0.000000,0.000000,1300,1400,1400,1400,1600,3000,10000,10000,16000,38000,38000,1237,0,1300.0,1638.7250407432525,57.35740001546219,38293.22829999728,39.0
1774811561,200,,Aggregated,0.000000,0.000000,1300,1400,1400,1400,1600,3000,10000,10000,16000,38000,38000,1237,0,1300.0,1638.7250407432525,57.35740001546219,38293.22829999728,39.0
1774811562,200,,Aggregated,0.000000,0.000000,1300,1400,1400,1400,1800,4200,15000,34000,40000,40000,40000,1259,0,1300.0,2222.6117787128806,57.35740001546219,40055.31530000735,39.0
1774811563,200,,Aggregated,0.000000,0.000000,1300,1400,1400,1400,1800,4600,34000,34000,41000,41000,41000,1263,0,1300.0,2333.792727394693,57.35740001546219,40516.56329998514,39.0
1774811564,200,,Aggregated,0.000000,0.000000,1300,1400,1400,1400,1800,4600,34000,34000,41000,41000,41000,1263,0,1300.0,2333.792727394693,57.35740001546219,40516.56329998514,39.0
1774811565,200,,Aggregated,0.000000,0.000000,1300,1400,1400,1400,1800,4600,34000,34000,41000,41000,41000,1263,0,1300.0,2333.792727394693,57.35740001546219,40516.56329998514,39.0
1774811566,200,,Aggregated,0.000000,0.000000,1300,1400,1400,1400,1800,4600,34000,34000,41000,41000,41000,1263,0,1300.0,2333.792727394693,57.35740001546219,40516.56329998514,39.0
1774811567,200,,Aggregated,0.000000,0.000000,1300,1400,1400,1400,1800,4600,34000,34000,41000,41000,41000,1263,0,1300.0,2333.792727394693,57.35740001546219,40516.56329998514,39.0
1774811568,200,,Aggregated,0.000000,0.000000,1300,1400,1400,1400,1800,4600,34000,34000,41000,41000,41000,1263,0,1300.0,2333.792727394693,57.35740001546219,40516.56329998514,39.0
1774811569,200,,Aggregated,0.000000,0.000000,1300,1400,1400,1400,1800,4600,34000,34000,41000,41000,41000,1263,0,1300.0,2333.792727394693,57.35740001546219,40516.56329998514,39.0
1774811570,200,,Aggregated,0.000000,0.000000,1300,1400,1400,1400,1800,4600,34000,34000,41000,41000,41000,1263,0,1300.0,2333.792727394693,57.35740001546219,40516.56329998514,39.0
1774811571,200,,Aggregated,0.000000,0.000000,1300,1400,1400,1400,1800,4600,34000,34000,41000,41000,41000,1263,0,1300.0,2333.792727394693,57.35740001546219,40516.56329998514,39.0
1774811572,200,,Aggregated,0.000000,0.000000,1300,1400,1400,1400,1800,4600,34000,34000,41000,41000,41000,1263,0,1300.0,2333.792727394693,57.35740001546219,40516.56329998514,39.0
1774811573,200,,Aggregated,0.000000,0.000000,1300,1400,1400,1400,1800,4600,34000,34000,41000,41000,41000,1263,0,1300.0,2333.792727394693,57.35740001546219,40516.56329998514,39.0
1774811574,200,,Aggregated,0.000000,0.000000,1300,1400,1400,1400,1800,4600,34000,34000,41000,41000,41000,1263,0,1300.0,2333.792727394693,57.35740001546219,40516.56329998514,39.0
1774811575,200,,Aggregated,0.000000,0.000000,1300,1400,1400,1400,1800,4600,34000,34000,41000,41000,41000,1263,0,1300.0,2333.792727394693,57.35740001546219,40516.56329998514,39.0
1774811576,200,,Aggregated,0.000000,0.000000,1300,1400,1400,1400,1800,4600,34000,34000,41000,41000,41000,1263,0,1300.0,2333.792727394693,57.35740001546219,40516.56329998514,39.0
1774811577,200,,Aggregated,0.000000,0.000000,1300,1400,1400,1400,1800,4600,34000,34000,41000,41000,41000,1263,0,1300.0,2333.792727394693,57.35740001546219,40516.56329998514,39.0
1774811578,200,,Aggregated,0.000000,0.000000,1300,1400,1400,1400,1800,4600,34000,34000,41000,41000,41000,1263,0,1300.0,2333.792727394693,57.35740001546219,40516.56329998514,39.0
1774811579,200,,Aggregated,0.000000,0.000000,1300,1400,1400,1400,1800,4600,34000,34000,41000,41000,41000,1263,0,1300.0,2333.792727394693,57.35740001546219,40516.56329998514,39.0
1774811580,200,,Aggregated,0.000000,0.000000,1300,1400,1400,1400,1800,4600,34000,34000,41000,41000,41000,1263,0,1300.0,2333.792727394693,57.35740001546219,40516.56329998514,39.0
1774811581,180,,Aggregated,0.000000,0.000000,1300,1400,1400,1400,1800,4600,34000,34000,41000,41000,41000,1263,0,1300.0,2333.792727394693,57.35740001546219,40516.56329998514,39.0
1774811582,160,,Aggregated,0.000000,0.000000,1300,1400,1400,1400,1800,4600,34000,34000,41000,41000,41000,1263,0,1300.0,2333.792727394693,57.35740001546219,40516.56329998514,39.0
1774811583,140,,Aggregated,0.000000,0.000000,1300,1400,1400,1400,1800,4600,34000,34000,41000,41000,41000,1263,0,1300.0,2333.792727394693,57.35740001546219,40516.56329998514,39.0
1774811584,120,,Aggregated,0.000000,0.000000,1300,1400,1400,1400,1800,4600,34000,34000,41000,41000,41000,1263,0,1300.0,2333.792727394693,57.35740001546219,40516.56329998514,39.0
1774811585,100,,Aggregated,0.000000,0.000000,1300,1400,1400,1400,1800,4600,34000,34000,41000,41000,41000,1263,0,1300.0,2333.792727394693,57.35740001546219,40516.56329998514,39.0
1774811586,80,,Aggregated,0.000000,0.000000,1300,1400,1400,1400,1900,5300,34000,34000,59000,64000,64000,1265,0,1300.0,2427.6920370747457,57.35740001546219,64004.03860001825,39.0
1774811587,60,,Aggregated,0.000000,0.000000,1300,1400,1400,1400,1900,5300,34000,34000,59000,64000,64000,1265,0,1300.0,2427.6920370747457,57.35740001546219,64004.03860001825,39.0
1774811588,40,,Aggregated,0.000000,0.000000,1300,1400,1400,1400,1900,5300,34000,34000,59000,64000,64000,1265,0,1300.0,2427.6920370747457,57.35740001546219,64004.03860001825,39.0
1774811589,30,,Aggregated,0.000000,0.000000,1300,1400,1400,1400,1900,5300,34000,34000,59000,64000,64000,1265,0,1300.0,2427.6920370747457,57.35740001546219,64004.03860001825,39.0
1774811590,30,,Aggregated,0.000000,0.000000,1300,1400,1400,1400,1900,5300,34000,34000,59000,64000,64000,1265,0,1300.0,2427.6920370747457,57.35740001546219,64004.03860001825,39.0
1774811591,30,,Aggregated,0.000000,0.000000,1300,1400,1400,1400,1900,5300,34000,34000,59000,64000,64000,1265,0,1300.0,2427.6920370747457,57.35740001546219,64004.03860001825,39.0
1774811592,30,,Aggregated,0.000000,0.000000,1300,1400,1400,1400,1900,5300,34000,34000,59000,64000,64000,1265,0,1300.0,2427.6920370747457,57.35740001546219,64004.03860001825,39.0
1774811593,30,,Aggregated,0.000000,0.000000,1300,1400,1400,1400,1900,5300,34000,34000,59000,64000,64000,1265,0,1300.0,2427.6920370747457,57.35740001546219,64004.03860001825,39.0
1774811594,30,,Aggregated,0.000000,0.000000,1300,1400,1400,1400,1900,5300,34000,34000,59000,64000,64000,1265,0,1300.0,2427.6920370747457,57.35740001546219,64004.03860001825,39.0
1774811595,30,,Aggregated,0.000000,0.000000,1300,1400,1400,1400,1900,5300,34000,34000,59000,64000,64000,1265,0,1300.0,2427.6920370747457,57.35740001546219,64004.03860001825,39.0
1774811596,30,,Aggregated,0.000000,0.000000,1300,1400,1400,1400,1900,5300,34000,34000,59000,64000,64000,1265,0,1300.0,2427.6920370747457,57.35740001546219,64004.03860001825,39.0
1774811597,30,,Aggregated,0.000000,0.000000,1300,1400,1400,1400,1900,5300,34000,34000,59000,64000,64000,1265,0,1300.0,2427.6920370747457,57.35740001546219,64004.03860001825,39.0
1774811598,30,,Aggregated,0.000000,0.000000,1300,1400,1400,1400,2200,9900,34000,41000,70000,77000,77000,1274,0,1300.0,2865.6842064359967,57.35740001546219,76569.30520001333,39.0
1774811599,30,,Aggregated,0.000000,0.000000,1300,1400,1400,1400,2200,9900,34000,41000,70000,77000,77000,1274,0,1300.0,2865.6842064359967,57.35740001546219,76569.30520001333,39.0
1774811600,30,,Aggregated,0.000000,0.000000,1300,1400,1400,1400,2200,9900,34000,41000,70000,77000,77000,1274,0,1300.0,2865.6842064359967,57.35740001546219,76569.30520001333,39.0
1774811601,30,,Aggregated,0.000000,0.000000,1300,1400,1400,1400,2200,9900,34000,41000,70000,77000,77000,1274,0,1300.0,2865.6842064359967,57.35740001546219,76569.30520001333,39.0
1774811602,30,,Aggregated,0.000000,0.000000,1300,1400,1400,1400,2200,9900,34000,41000,70000,77000,77000,1274,0,1300.0,2865.6842064359967,57.35740001546219,76569.30520001333,39.0
1774811603,30,,Aggregated,0.000000,0.000000,1300,1400,1400,1400,2200,9900,34000,41000,70000,77000,77000,1274,0,1300.0,2865.6842064359967,57.35740001546219,76569.30520001333,39.0
1774811604,30,,Aggregated,0.000000,0.000000,1300,1400,1400,1400,2200,9900,34000,41000,70000,77000,77000,1274,0,1300.0,2865.6842064359967,57.35740001546219,76569.30520001333,39.0
1774811605,30,,Aggregated,0.000000,0.000000,1300,1400,1400,1400,2200,9900,34000,41000,70000,77000,77000,1274,0,1300.0,2865.6842064359967,57.35740001546219,76569.30520001333,39.0
1774811606,30,,Aggregated,0.900000,0.000000,1300,1400,1400,1400,2300,10000,34000,44000,70000,77000,77000,1277,0,1300.0,2963.119668441235,57.35740001546219,76569.30520001333,39.0
1774811607,30,,Aggregated,0.900000,0.000000,1300,1400,1400,1400,2400,10000,34000,44000,70000,77000,77000,1286,0,1300.0,3003.7375720058317,57.35740001546219,76569.30520001333,39.0
1774811608,30,,Aggregated,0.900000,0.000000,1300,1400,1400,1400,2400,10000,34000,44000,77000,86000,86000,1290,0,1300.0,3063.5654027903156,57.35740001546219,85676.26290000044,39.0
1774811609,30,,Aggregated,1.200000,0.000000,1300,1400,1400,1400,2500,10000,34000,62000,86000,86000,86000,1305,0,1300.0,3238.4960749422085,57.35740001546219,86482.87399997935,39.0
1774811610,30,,Aggregated,2.100000,0.000000,1300,1400,1400,1400,2700,10000,35000,62000,88000,88000,88000,1315,0,1300.0,3354.9618596955156,57.35740001546219,87756.69240002753,39.0
1774811611,30,,Aggregated,1.700000,0.000000,1300,1400,1400,1400,2700,10000,38000,62000,88000,88000,88000,1324,0,1300.0,3408.162973791223,57.35740001546219,88471.13760001957,39.0
1774811612,30,,Aggregated,3.100000,0.000000,1300,1400,1400,1400,2500,10000,38000,62000,88000,88000,88000,1334,0,1300.0,3394.3198478258464,57.35740001546219,88471.13760001957,39.0
1774811613,30,,Aggregated,4.100000,0.000000,1300,1400,1400,1400,2400,10000,38000,62000,88000,88000,88000,1343,0,1300.0,3382.176843186638,57.35740001546219,88471.13760001957,39.0
1774811614,30,,Aggregated,5.000000,0.000000,1300,1400,1400,1400,2400,10000,38000,62000,88000,90000,90000,1355,0,1300.0,3431.2844689297103,57.35740001546219,90003.91079997644,39.0
1774811615,30,,Aggregated,6.200000,0.000000,1300,1400,1400,1500,2400,10000,38000,62000,88000,90000,90000,1365,0,1300.0,3418.0638069595257,57.35740001546219,90003.91079997644,39.0
1774811616,30,,Aggregated,7.100000,0.000000,1300,1400,1400,1500,2400,10000,40000,62000,92000,93000,93000,1377,0,1300.0,3534.536899418778,57.35740001546219,92731.81369999656,39.0
1774811617,30,,Aggregated,8.300000,0.000000,1300,1400,1400,1500,2700,10000,41000,77000,94000,94000,94000,1389,0,1300.0,3716.3533399565786,57.35740001546219,93842.56700001424,39.0
1774811618,30,,Aggregated,9.100000,0.000000,1300,1400,1400,1500,2700,10000,44000,86000,94000,94000,94000,1404,0,1300.0,3826.3272975069467,57.35740001546219,94169.87809998682,39.0
1774811619,30,,Aggregated,10.700000,0.000000,1300,1400,1400,1500,2700,10000,44000,86000,94000,94000,94000,1414,0,1300.0,3876.714609264244,57.35740001546219,94169.87809998682,39.0
1774811620,30,,Aggregated,10.500000,0.000000,1300,1400,1400,1500,2700,10000,59000,86000,96000,96000,96000,1433,0,1300.0,3980.6661861826415,57.35740001546219,95934.65870001819,39.0
1774811621,30,,Aggregated,11.600000,0.000000,1300,1400,1400,1500,2400,10000,44000,86000,96000,96000,96000,1458,0,1300.0,3938.2521930040584,57.35740001546219,95934.65870001819,39.0
1774811622,30,,Aggregated,11.000000,0.000000,1300,1400,1400,1500,2400,10000,44000,86000,96000,96000,96000,1473,0,1300.0,3910.717288051577,57.35740001546219,95934.65870001819,39.0
1774811623,30,,Aggregated,12.700000,0.000000,1300,1400,1400,1500,2400,10000,44000,86000,96000,96000,96000,1488,0,1300.0,3884.006917741873,57.35740001546219,95934.65870001819,39.0
1774811625,30,,Aggregated,13.400000,0.000000,1300,1400,1400,1500,2400,10000,44000,86000,96000,96000,96000,1518,0,1300.0,3832.870838010359,57.35740001546219,95934.65870001819,39.0
1774811626,30,,Aggregated,13.700000,0.000000,1300,1400,1400,1500,2300,10000,44000,86000,96000,96000,96000,1533,0,1300.0,3807.708168297214,57.35740001546219,95934.65870001819,39.0
1774811627,30,,Aggregated,14.300000,0.000000,1300,1400,1400,1500,2300,10000,44000,86000,96000,96000,96000,1548,0,1300.0,3783.184388242697,57.35740001546219,95934.65870001819,39.0
1774811628,30,,Aggregated,16.100000,0.000000,1300,1400,1400,1500,2200,10000,44000,86000,96000,96000,96000,1563,0,1300.0,3759.1873402428346,57.35740001546219,95934.65870001819,39.0
1774811629,30,,Aggregated,16.800000,0.000000,1300,1400,1400,1500,2100,10000,44000,86000,96000,96000,96000,1593,0,1300.0,3712.57419547989,57.35740001546219,95934.65870001819,39.0
1774811630,30,,Aggregated,16.400000,0.000000,1300,1400,1400,1500,2100,10000,41000,86000,96000,96000,96000,1608,0,1300.0,3690.2619508701846,57.35740001546219,95934.65870001819,39.0
1774811631,30,,Aggregated,17.200000,0.000000,1300,1400,1400,1500,2000,10000,41000,86000,96000,96000,96000,1623,0,1300.0,3667.711836228758,57.35740001546219,95934.65870001819,39.0
1774811632,30,,Aggregated,19.300000,0.000000,1300,1400,1400,1500,2000,10000,41000,86000,96000,96000,96000,1652,0,1300.0,3624.65662197288,57.35740001546219,95934.65870001819,39.0
1774811633,30,,Aggregated,19.300000,0.000000,1300,1400,1400,1500,2000,10000,41000,86000,96000,96000,96000,1668,0,1300.0,3602.3773104911343,57.35740001546219,95934.65870001819,39.0
1774811634,30,,Aggregated,18.100000,0.000000,1300,1400,1400,1500,2000,9900,41000,86000,96000,96000,96000,1683,0,1300.0,3581.86929667222,57.35740001546219,95934.65870001819,39.0
1774811635,30,,Aggregated,18.000000,0.000000,1300,1400,1400,1500,1900,9900,41000,86000,96000,96000,96000,1698,0,1300.0,3561.454660129264,57.35740001546219,95934.65870001819,39.0
1774811636,30,,Aggregated,19.500000,0.000000,1300,1400,1400,1500,1900,9900,40000,86000,96000,96000,96000,1727,0,1300.0,3522.8776865081363,57.35740001546219,95934.65870001819,39.0
1774811637,30,,Aggregated,19.500000,0.000000,1300,1400,1400,1500,1900,9000,40000,86000,96000,96000,96000,1743,0,1300.0,3502.5042953525062,57.35740001546219,95934.65870001819,39.0
1774811638,30,,Aggregated,18.000000,0.000000,1300,1400,1400,1500,1900,9000,40000,86000,96000,96000,96000,1758,0,1300.0,3483.4719565411237,57.35740001546219,95934.65870001819,39.0
